,time,rssi,label
0,1578566150424,-102,far
1,1578566150524,-99,far
2,1578566150628,-97,far
3,1578566150735,-98,far
4,1578566150852,-102,far
5,1578566150958,-95,far
6,1578566151067,-96,far
7,1578566151169,-101,far
8,1578566151274,-95,far
9,1578566151377,-95,far
10,1578566151480,-91,far
11,1578566151588,-90,far
12,1578566151685,-89,far
13,1578566151779,-89,far
14,1578566151880,-90,far
15,1578566151991,-90,far
16,1578566152092,-90,far
17,1578566152340,-90,far
18,1578566152412,-90,far
19,1578566152522,-90,far
20,1578566152632,-90,far
21,1578566152735,-90,far
22,1578566152834,-91,far
23,1578566152946,-91,far
24,1578566153055,-91,far
25,1578566153162,-92,far
26,1578566153269,-92,far
27,1578566153377,-92,far
28,1578566153478,-93,far
29,1578566153580,-92,far
30,1578566153807,-91,far
31,1578566153896,-91,far
32,1578566154003,-91,far
33,1578566154110,-91,far
34,1578566154219,-91,far
35,1578566154327,-91,far
36,1578566154433,-90,far
37,1578566154536,-92,far
38,1578566154644,-89,far
39,1578566154868,-91,far
40,1578566155071,-91,far
41,1578566155171,-89,far
42,1578566155270,-89,far
43,1578566155370,-89,far
44,1578566155475,-88,far
45,1578566155576,-89,far
46,1578566155685,-91,far
47,1578566155788,-93,far
48,1578566155879,-92,far
49,1578566155989,-84,approach
50,1578566156092,-84,approach
51,1578566156192,-86,approach
52,1578566156298,-81,approach
53,1578566156410,-81,approach
54,1578566156511,-81,approach
55,1578566156634,-87,approach
56,1578566156730,-95,approach
57,1578566156829,-84,approach
58,1578566156939,-80,approach
59,1578566157047,-73,approach
60,1578566157153,-76,approach
61,1578566157256,-84,approach
62,1578566157367,-89,approach
63,1578566157475,-77,approach
64,1578566157583,-76,approach
65,1578566157682,-78,approach
66,1578566157783,-78,approach
67,1578566157882,-80,approach
68,1578566157982,-78,approach
69,1578566158086,-79,approach
70,1578566158181,-79,approach
71,1578566158297,-78,approach
72,1578566158405,-83,approach
73,1578566158509,-81,approach
74,1578566158614,-80,approach
75,1578566158719,-89,approach
76,1578566158827,-88,approach
77,1578566158931,-83,approach
78,1578566159037,-84,approach
79,1578566159145,-84,approach
80,1578566159257,-80,approach
81,1578566159356,-83,approach
82,1578566159464,-78,approach
83,1578566159566,-76,approach
84,1578566159672,-80,approach
85,1578566159776,-81,approach
86,1578566159883,-80,approach
87,1578566159993,-77,approach
88,1578566160084,-83,approach
89,1578566160202,-84,approach
90,1578566160306,-76,approach
91,1578566160406,-78,approach
92,1578566160508,-78,approach
93,1578566160617,-84,approach
94,1578566160719,-80,approach
95,1578566160819,-80,approach
96,1578566161044,-86,approach
97,1578566161128,-76,approach
98,1578566161232,-80,approach
99,1578566161336,-74,approach
100,1578566161442,-73,approach
101,1578566161546,-73,approach
102,1578566161635,-79,approach
103,1578566161752,-78,approach
104,1578566161850,-83,approach
105,1578566161964,-77,approach
106,1578566162070,-74,approach
107,1578566162175,-69,approach
108,1578566162513,-86,approach
109,1578566162590,-76,approach
110,1578566162690,-82,approach
111,1578566162790,-75,approach
112,1578566162893,-78,approach
113,1578566163006,-71,approach
114,1578566163113,-79,approach
115,1578566163211,-71,approach
116,1578566163313,-76,approach
117,1578566163424,-74,approach
118,1578566163525,-76,approach
119,1578566163766,-77,approach
120,1578566163850,-68,approach
121,1578566163956,-72,approach
122,1578566164068,-63,approach
123,1578566164169,-66,approach
124,1578566164279,-80,approach
125,1578566164390,-86,approach
126,1578566164623,-74,approach
127,1578566164696,-68,approach
128,1578566164808,-62,approach
129,1578566164916,-67,approach
130,1578566165016,-78,approach
131,1578566165119,-76,approach
132,1578566165233,-68,approach
133,1578566165343,-62,approach
134,1578566165445,-62,approach
135,1578566165546,-62,approach
136,1578566165652,-65,approach
137,1578566165761,-61,approach
138,1578566165861,-59,approach
139,1578566165969,-64,approach
140,1578566166070,-62,approach
141,1578566166178,-56,approach
142,1578566166283,-58,approach
143,1578566166387,-58,approach
144,1578566166618,-55,approach
145,1578566166697,-56,approach
146,1578566166795,-54,approach
147,1578566166899,-51,approach
148,1578566167009,-56,approach
149,1578566167113,-53,approach
150,1578566167343,-53,near
151,1578566167423,-51,near
152,1578566167526,-51,near
153,1578566167632,-51,near
154,1578566167855,-51,near
155,1578566167958,-51,near
156,1578566168059,-51,near
157,1578566168168,-51,near
158,1578566168273,-51,near
159,1578566168381,-51,near
160,1578566168487,-51,near
161,1578566168589,-51,near
162,1578566168690,-51,near
163,1578566168792,-51,near
164,1578566168895,-51,near
165,1578566168997,-51,near
166,1578566169101,-51,near
167,1578566169208,-51,near
168,1578566169312,-51,near
169,1578566169423,-51,near
170,1578566169522,-51,near
171,1578566169771,-51,near
172,1578566169850,-51,near
173,1578566169953,-51,near
174,1578566170056,-51,near
175,1578566170292,-51,near
176,1578566170374,-51,near
177,1578566170584,-51,near
178,1578566170690,-51,near
179,1578566170797,-51,near
180,1578566170905,-54,near
181,1578566171012,-53,near
182,1578566171117,-53,near
183,1578566171222,-53,near
184,1578566171329,-54,near
185,1578566171439,-53,near
186,1578566171547,-53,near
187,1578566171651,-53,near
188,1578566171745,-53,near
189,1578566171845,-53,near
190,1578566171946,-53,near
191,1578566172050,-53,near
192,1578566172160,-53,near
193,1578566172268,-53,near
194,1578566172380,-53,near
195,1578566172493,-52,near
196,1578566172721,-52,near
197,1578566172794,-52,near
198,1578566172910,-52,near
199,1578566173017,-52,near
200,1578566173121,-52,near
201,1578566173214,-54,near
202,1578566173315,-54,near
203,1578566173418,-53,leave
204,1578566173526,-53,leave
205,1578566173625,-56,leave
206,1578566173739,-62,leave
207,1578566173858,-57,leave
208,1578566173964,-61,leave
209,1578566174071,-60,leave
210,1578566174178,-60,leave
211,1578566174285,-76,leave
212,1578566174392,-66,leave
213,1578566174491,-74,leave
214,1578566174599,-76,leave
215,1578566174704,-73,leave
216,1578566174809,-78,leave
217,1578566174912,-69,leave
218,1578566175007,-73,leave
219,1578566175244,-84,leave
220,1578566175328,-76,leave
221,1578566175565,-83,leave
222,1578566175642,-92,leave
223,1578566175751,-78,leave
224,1578566175982,-77,leave
225,1578566176064,-71,leave
226,1578566176302,-77,leave
227,1578566176376,-80,leave
228,1578566176485,-77,leave
229,1578566176590,-90,leave
230,1578566176692,-77,leave
231,1578566176791,-80,leave
232,1578566176900,-76,leave
233,1578566177000,-79,leave
234,1578566177112,-82,leave
235,1578566177211,-82,leave
236,1578566177316,-79,leave
237,1578566177431,-89,leave
238,1578566177540,-83,leave
239,1578566177630,-82,leave
240,1578566177870,-100,leave
241,1578566177953,-82,leave
242,1578566178185,-84,leave
243,1578566178274,-77,leave
244,1578566178376,-78,leave
245,1578566178481,-82,leave
246,1578566178703,-82,leave
247,1578566178790,-92,leave
248,1578566178896,-84,leave
249,1578566179001,-80,leave
250,1578566179108,-83,leave
251,1578566179209,-91,leave
252,1578566179310,-82,leave
253,1578566179424,-86,leave
254,1578566179531,-86,leave
255,1578566179637,-86,leave
256,1578566179730,-89,leave
257,1578566179845,-78,leave
258,1578566179955,-90,leave
259,1578566180065,-89,leave
260,1578566180168,-86,leave
261,1578566180274,-83,leave
262,1578566180376,-83,leave
263,1578566180478,-82,leave
264,1578566180583,-84,leave
265,1578566180680,-92,leave
266,1578566180795,-77,leave
267,1578566180901,-85,leave
268,1578566181011,-92,leave
269,1578566181120,-91,leave
270,1578566181228,-82,leave
271,1578566181331,-83,leave
272,1578566181440,-95,leave
273,1578566181546,-83,leave
274,1578566181646,-84,leave
275,1578566181751,-84,leave
276,1578566181857,-84,leave
277,1578566181955,-90,leave
278,1578566182058,-85,leave
279,1578566182160,-86,leave
280,1578566182261,-91,leave
281,1578566182369,-86,leave
282,1578566182470,-90,leave
283,1578566182572,-94,leave
284,1578566182685,-90,leave
285,1578566182788,-100,leave
286,1578566182900,-92,leave
287,1578566183001,-84,leave
288,1578566183236,-80,leave
289,1578566183316,-90,leave
290,1578566183421,-88,leave
291,1578566183533,-86,leave
292,1578566183635,-82,leave
293,1578566183737,-87,leave
294,1578566183842,-94,leave
295,1578566183948,-89,leave
296,1578566184042,-92,leave
297,1578566184163,-89,leave
298,1578566184256,-87,leave
299,1578566184365,-86,far
300,1578566184469,-85,far
301,1578566184569,-92,far
302,1578566184672,-90,far
303,1578566184785,-89,far
304,1578566184884,-88,far
305,1578566184982,-90,far
306,1578566185096,-90,far
307,1578566185199,-89,far
308,1578566185304,-89,far
309,1578566185413,-89,far
310,1578566185509,-88,far
311,1578566185618,-87,far
312,1578566185719,-87,far
313,1578566185825,-85,far
314,1578566185929,-84,far
315,1578566186040,-85,far
316,1578566186148,-83,far
317,1578566186257,-84,far
318,1578566186361,-84,far
319,1578566186467,-84,far
320,1578566186568,-83,far
321,1578566186674,-83,far
322,1578566186785,-83,far
323,1578566186889,-84,far
324,1578566186988,-84,far
325,1578566187100,-84,far
326,1578566187634,-100,far
327,1578566187712,-97,far
328,1578566187815,-91,far
329,1578566187912,-90,far
330,1578566188016,-91,far
331,1578566188126,-88,far
332,1578566188361,-88,far
333,1578566188442,-87,far
334,1578566188546,-88,far
335,1578566188657,-88,far
336,1578566188757,-89,far
337,1578566188863,-90,far
338,1578566188966,-91,far
339,1578566189073,-91,far
340,1578566189180,-91,far
341,1578566189284,-92,far
342,1578566189391,-90,far
343,1578566189490,-90,far
344,1578566189595,-91,far
345,1578566189693,-91,far
346,1578566189802,-90,far
347,1578566189899,-89,far
348,1578566190000,-89,far
349,1578566190102,-83,approach
350,1578566190210,-80,approach
351,1578566190310,-92,approach
352,1578566190418,-84,approach
353,1578566190542,-87,approach
354,1578566190641,-91,approach
355,1578566190750,-81,approach
356,1578566190859,-86,approach
357,1578566190968,-86,approach
358,1578566191067,-84,approach
359,1578566191178,-78,approach
360,1578566191286,-75,approach
361,1578566191398,-92,approach
362,1578566191498,-82,approach
363,1578566191603,-82,approach
364,1578566191706,-79,approach
365,1578566191815,-79,approach
366,1578566191917,-77,approach
367,1578566192023,-75,approach
368,1578566192132,-86,approach
369,1578566192242,-76,approach
370,1578566192346,-77,approach
371,1578566192446,-75,approach
372,1578566192555,-73,approach
373,1578566192663,-67,approach
374,1578566192760,-71,approach
375,1578566192872,-71,approach
376,1578566192972,-69,approach
377,1578566193080,-72,approach
378,1578566193184,-82,approach
379,1578566193290,-86,approach
380,1578566193390,-74,approach
381,1578566193495,-71,approach
382,1578566193598,-73,approach
383,1578566193693,-74,approach
384,1578566193805,-76,approach
385,1578566193915,-75,approach
386,1578566194020,-72,approach
387,1578566194121,-80,approach
388,1578566194236,-77,approach
389,1578566194339,-72,approach
390,1578566194441,-67,approach
391,1578566194544,-71,approach
392,1578566194654,-77,approach
393,1578566194764,-69,approach
394,1578566194867,-88,approach
395,1578566194971,-74,approach
396,1578566195076,-73,approach
397,1578566195183,-77,approach
398,1578566195290,-70,approach
399,1578566195396,-75,approach
400,1578566195499,-70,approach
401,1578566195600,-80,approach
402,1578566195703,-70,approach
403,1578566195808,-73,approach
404,1578566196032,-69,approach
405,1578566196117,-70,approach
406,1578566196223,-77,approach
407,1578566196331,-85,approach
408,1578566196432,-90,approach
409,1578566196537,-70,approach
410,1578566196643,-72,approach
411,1578566196749,-71,approach
412,1578566196846,-68,approach
413,1578566196957,-76,approach
414,1578566197069,-76,approach
415,1578566197172,-74,approach
416,1578566197274,-68,approach
417,1578566197382,-71,approach
418,1578566197485,-67,approach
419,1578566197593,-78,approach
420,1578566197699,-71,approach
421,1578566197808,-66,approach
422,1578566197910,-66,approach
423,1578566198018,-65,approach
424,1578566198123,-65,approach
425,1578566198230,-65,approach
426,1578566198338,-76,approach
427,1578566198570,-63,approach
428,1578566198653,-65,approach
429,1578566198760,-73,approach
430,1578566198861,-72,approach
431,1578566198966,-61,approach
432,1578566199068,-61,approach
433,1578566199175,-61,approach
434,1578566199282,-61,approach
435,1578566199393,-61,approach
436,1578566199494,-60,approach
437,1578566199604,-60,approach
438,1578566199705,-63,approach
439,1578566199811,-60,approach
440,1578566199916,-75,approach
441,1578566200009,-70,approach
442,1578566200115,-66,approach
443,1578566200225,-82,approach
444,1578566200325,-56,approach
445,1578566200430,-62,approach
446,1578566200533,-60,approach
447,1578566200644,-57,approach
448,1578566200757,-56,approach
449,1578566200861,-62,approach
450,1578566200970,-60,approach
451,1578566201076,-57,approach
452,1578566201170,-61,approach
453,1578566201276,-56,near
454,1578566201378,-54,near
455,1578566201486,-53,near
456,1578566201590,-53,near
457,1578566201696,-52,near
458,1578566201799,-54,near
459,1578566201902,-56,near
460,1578566202003,-56,near
461,1578566202112,-56,near
462,1578566202221,-56,near
463,1578566202332,-53,near
464,1578566202442,-54,near
465,1578566202543,-54,near
466,1578566202650,-54,near
467,1578566202753,-54,near
468,1578566202859,-54,near
469,1578566202962,-54,near
470,1578566203071,-54,near
471,1578566203176,-54,near
472,1578566203279,-54,near
473,1578566203382,-54,near
474,1578566203492,-55,near
475,1578566203722,-54,near
476,1578566203791,-53,near
477,1578566203904,-54,near
478,1578566204005,-54,near
479,1578566204112,-53,near
480,1578566204222,-53,near
481,1578566204324,-53,near
482,1578566204438,-53,near
483,1578566204546,-52,near
484,1578566204654,-52,near
485,1578566204755,-53,near
486,1578566204863,-53,near
487,1578566204967,-53,near
488,1578566205076,-53,near
489,1578566205180,-53,near
490,1578566205278,-53,near
491,1578566205386,-53,near
492,1578566205484,-53,near
493,1578566205592,-53,near
494,1578566205690,-53,near
495,1578566205805,-53,near
496,1578566205906,-53,near
497,1578566206010,-55,near
498,1578566206115,-53,near
499,1578566206211,-53,near
500,1578566206322,-53,near
501,1578566206434,-53,near
502,1578566206534,-53,near
503,1578566206636,-53,near
504,1578566206747,-53,near
505,1578566206955,-52,near
506,1578566207059,-52,near
507,1578566207167,-54,near
508,1578566207268,-55,near
509,1578566207371,-55,near
510,1578566207472,-55,near
511,1578566207572,-52,near
512,1578566207682,-52,leave
513,1578566207791,-53,leave
514,1578566207897,-54,leave
515,1578566208007,-59,leave
516,1578566208119,-58,leave
517,1578566208223,-59,leave
518,1578566208333,-60,leave
519,1578566208439,-59,leave
520,1578566208539,-66,leave
521,1578566208643,-65,leave
522,1578566208749,-72,leave
523,1578566208859,-79,leave
524,1578566208962,-77,leave
525,1578566209063,-86,leave
526,1578566209165,-69,leave
527,1578566209267,-77,leave
528,1578566209369,-73,leave
529,1578566209476,-63,leave
530,1578566209579,-71,leave
531,1578566209681,-78,leave
532,1578566209794,-80,leave
533,1578566209897,-80,leave
534,1578566210130,-72,leave
535,1578566210219,-82,leave
536,1578566210322,-80,leave
537,1578566210432,-79,leave
538,1578566210522,-75,leave
539,1578566210625,-80,leave
540,1578566210732,-80,leave
541,1578566210839,-74,leave
542,1578566210944,-84,leave
543,1578566211053,-80,leave
544,1578566211163,-74,leave
545,1578566211402,-78,leave
546,1578566211475,-80,leave
547,1578566211580,-91,leave
548,1578566211680,-85,leave
549,1578566211778,-86,leave
550,1578566211881,-84,leave
551,1578566211989,-85,leave
552,1578566212094,-78,leave
553,1578566212200,-81,leave
554,1578566212312,-83,leave
555,1578566212413,-78,leave
556,1578566212520,-87,leave
557,1578566212624,-80,leave
558,1578566212728,-77,leave
559,1578566212836,-85,leave
560,1578566212943,-92,leave
561,1578566213050,-89,leave
562,1578566213149,-81,leave
563,1578566213256,-94,leave
564,1578566213367,-89,leave
565,1578566213468,-82,leave
566,1578566213571,-100,leave
567,1578566213675,-92,leave
568,1578566213783,-78,leave
569,1578566213888,-88,leave
570,1578566213998,-92,leave
571,1578566214100,-92,leave
572,1578566214205,-85,leave
573,1578566214305,-94,leave
574,1578566214416,-87,leave
575,1578566214518,-79,leave
576,1578566214617,-87,leave
577,1578566214722,-86,leave
578,1578566214825,-90,leave
579,1578566214929,-91,leave
580,1578566215032,-77,leave
581,1578566215134,-78,leave
582,1578566215241,-82,leave
583,1578566215348,-86,leave
584,1578566215450,-82,leave
585,1578566215679,-96,leave
586,1578566215766,-87,leave
587,1578566215860,-88,leave
588,1578566215969,-82,leave
589,1578566216074,-86,leave
590,1578566216180,-82,leave
591,1578566216286,-77,leave
592,1578566216503,-87,leave
593,1578566216588,-85,leave
594,1578566216694,-80,leave
595,1578566216796,-85,leave
596,1578566216908,-86,leave
597,1578566217008,-84,leave
598,1578566217122,-91,leave
599,1578566217218,-85,leave
600,1578566217326,-81,leave
601,1578566217439,-88,leave
602,1578566217544,-90,leave
603,1578566217650,-81,leave
604,1578566217759,-88,leave
605,1578566217870,-78,leave
606,1578566217972,-80,leave
607,1578566218080,-95,leave
608,1578566218189,-96,leave
609,1578566218296,-85,leave
610,1578566218400,-89,leave
611,1578566218490,-84,leave
612,1578566218595,-81,far
613,1578566218704,-99,far
614,1578566218804,-88,far
615,1578566218912,-82,far
616,1578566219025,-84,far
617,1578566219133,-85,far
618,1578566219374,-89,far
619,1578566219455,-86,far
620,1578566219562,-87,far
621,1578566219660,-90,far
622,1578566219773,-88,far
623,1578566219872,-87,far
624,1578566219973,-85,far
625,1578566220076,-84,far
626,1578566220189,-83,far
627,1578566220291,-84,far
628,1578566220396,-84,far
629,1578566220497,-84,far
630,1578566220606,-84,far
631,1578566220715,-84,far
632,1578566220824,-84,far
633,1578566220931,-84,far
634,1578566221028,-84,far
635,1578566221139,-85,far
636,1578566221240,-84,far
637,1578566221342,-85,far
638,1578566221447,-85,far
639,1578566221556,-85,far
640,1578566221666,-85,far
641,1578566221770,-85,far
642,1578566221866,-85,far
643,1578566221972,-85,far
644,1578566222077,-85,far
645,1578566222182,-85,far
646,1578566222286,-84,far
647,1578566222395,-85,far
648,1578566222500,-85,far
649,1578566222599,-85,far
650,1578566222708,-85,far
651,1578566222937,-85,far
652,1578566223019,-85,far
653,1578566223124,-85,far
654,1578566223232,-86,far
655,1578566223333,-87,far
656,1578566223435,-87,far
657,1578566223548,-88,far
658,1578566223650,-88,far
659,1578566223760,-88,far
660,1578566223866,-89,far
661,1578566223971,-89,far
662,1578566224197,-95,far
663,1578566224279,-100,far
664,1578566224502,-97,far
665,1578566224589,-88,far
666,1578566224696,-82,approach
667,1578566224797,-85,approach
668,1578566224906,-91,approach
669,1578566225017,-86,approach
670,1578566225129,-84,approach
671,1578566225238,-89,approach
672,1578566225475,-81,approach
673,1578566225546,-80,approach
674,1578566225658,-83,approach
675,1578566225762,-74,approach
676,1578566225866,-74,approach
677,1578566225966,-77,approach
678,1578566226078,-76,approach
679,1578566226186,-89,approach
680,1578566226292,-78,approach
681,1578566226397,-82,approach
682,1578566226502,-84,approach
683,1578566226595,-72,approach
684,1578566226706,-74,approach
685,1578566226811,-76,approach
686,1578566226910,-76,approach
687,1578566227020,-79,approach
688,1578566227121,-69,approach
689,1578566227222,-69,approach
690,1578566227336,-71,approach
691,1578566227566,-73,approach
692,1578566227656,-68,approach
693,1578566227768,-73,approach
694,1578566227868,-75,approach
695,1578566227978,-89,approach
696,1578566228084,-78,approach
697,1578566228191,-77,approach
698,1578566228292,-82,approach
699,1578566228400,-76,approach
700,1578566228506,-77,approach
701,1578566228611,-74,approach
702,1578566228715,-79,approach
703,1578566228816,-70,approach
704,1578566228911,-68,approach
705,1578566229024,-69,approach
706,1578566229130,-72,approach
707,1578566229236,-73,approach
708,1578566229345,-69,approach
709,1578566229447,-76,approach
710,1578566229553,-80,approach
711,1578566229658,-68,approach
712,1578566229762,-73,approach
713,1578566229869,-77,approach
714,1578566229973,-69,approach
715,1578566230205,-76,approach
716,1578566230289,-75,approach
717,1578566230393,-68,approach
718,1578566230495,-74,approach
719,1578566230603,-67,approach
720,1578566230703,-78,approach
721,1578566230812,-67,approach
722,1578566230919,-65,approach
723,1578566231025,-63,approach
724,1578566231127,-92,approach
725,1578566231234,-76,approach
726,1578566231340,-74,approach
727,1578566231449,-75,approach
728,1578566231555,-63,approach
729,1578566231890,-72,approach
730,1578566231976,-86,approach
731,1578566232075,-65,approach
732,1578566232176,-70,approach
733,1578566232279,-71,approach
734,1578566232380,-64,approach
735,1578566232486,-61,approach
736,1578566232589,-64,approach
737,1578566232701,-67,approach
738,1578566232800,-62,approach
739,1578566232907,-62,approach
740,1578566233009,-62,approach
741,1578566233110,-68,approach
742,1578566233219,-61,approach
743,1578566233328,-66,approach
744,1578566233429,-74,approach
745,1578566233526,-68,approach
746,1578566233639,-61,approach
747,1578566233747,-61,approach
748,1578566233857,-61,approach
749,1578566233964,-62,approach
750,1578566234070,-61,approach
751,1578566234173,-57,approach
752,1578566234274,-62,approach
753,1578566234377,-56,approach
754,1578566234484,-64,approach
755,1578566234596,-69,approach
756,1578566234703,-61,approach
757,1578566234803,-61,approach
758,1578566234913,-61,approach
759,1578566235020,-68,approach
760,1578566235126,-61,approach
761,1578566235578,-58,approach
762,1578566235660,-54,approach
763,1578566235767,-59,approach
764,1578566235858,-55,approach
765,1578566236085,-55,near
766,1578566236166,-54,near
767,1578566236268,-54,near
768,1578566236373,-60,near
769,1578566236490,-56,near
770,1578566236585,-55,near
771,1578566236694,-56,near
772,1578566236795,-56,near
773,1578566236906,-56,near
774,1578566237147,-57,near
775,1578566237223,-56,near
776,1578566237333,-56,near
777,1578566237436,-56,near
778,1578566237536,-56,near
779,1578566237638,-56,near
780,1578566237747,-56,near
781,1578566237854,-55,near
782,1578566237963,-56,near
783,1578566238069,-54,near
784,1578566238176,-54,near
785,1578566238284,-54,near
786,1578566238384,-54,near
787,1578566238482,-54,near
788,1578566238586,-54,near
789,1578566238684,-54,near
790,1578566238784,-54,near
791,1578566238895,-54,near
792,1578566239001,-54,near
793,1578566239107,-54,near
794,1578566239214,-54,near
795,1578566239316,-54,near
796,1578566239423,-55,near
797,1578566239531,-57,near
798,1578566239634,-56,near
799,1578566239741,-56,near
800,1578566239849,-56,near
801,1578566239958,-56,near
802,1578566240056,-56,near
803,1578566240156,-56,near
804,1578566240267,-56,near
805,1578566240371,-56,near
806,1578566240475,-53,near
807,1578566240584,-53,near
808,1578566240690,-53,near
809,1578566240793,-53,near
810,1578566240903,-53,near
811,1578566241006,-53,near
812,1578566241109,-53,near
813,1578566241419,-54,near
814,1578566241507,-55,near
815,1578566241611,-53,near
816,1578566241712,-51,leave
817,1578566241816,-53,leave
818,1578566241923,-57,leave
819,1578566242029,-56,leave
820,1578566242136,-56,leave
821,1578566242248,-57,leave
822,1578566242343,-74,leave
823,1578566242450,-63,leave
824,1578566242555,-68,leave
825,1578566242662,-74,leave
826,1578566242763,-69,leave
827,1578566242867,-81,leave
828,1578566242974,-67,leave
829,1578566243079,-68,leave
830,1578566243184,-77,leave
831,1578566243289,-71,leave
832,1578566243386,-67,leave
833,1578566243490,-75,leave
834,1578566243595,-80,leave
835,1578566243699,-83,leave
836,1578566243811,-80,leave
837,1578566243909,-81,leave
838,1578566244020,-81,leave
839,1578566244121,-74,leave
840,1578566244225,-74,leave
841,1578566244334,-67,leave
842,1578566244440,-68,leave
843,1578566244677,-79,leave
844,1578566244767,-75,leave
845,1578566244997,-69,leave
846,1578566245084,-80,leave
847,1578566245193,-80,leave
848,1578566245292,-78,leave
849,1578566245394,-82,leave
850,1578566245503,-72,leave
851,1578566245614,-80,leave
852,1578566245713,-85,leave
853,1578566245948,-76,leave
854,1578566246040,-76,leave
855,1578566246141,-78,leave
856,1578566246243,-81,leave
857,1578566246347,-85,leave
858,1578566246456,-80,leave
859,1578566246558,-92,leave
860,1578566246669,-77,leave
861,1578566246769,-80,leave
862,1578566246877,-83,leave
863,1578566246980,-81,leave
864,1578566247087,-85,leave
865,1578566247187,-83,leave
866,1578566247292,-82,leave
867,1578566247396,-95,leave
868,1578566247501,-87,leave
869,1578566247607,-76,leave
870,1578566247716,-87,leave
871,1578566247827,-90,leave
872,1578566247927,-85,leave
873,1578566248031,-100,leave
874,1578566248136,-82,leave
875,1578566248238,-85,leave
876,1578566248343,-93,leave
877,1578566248451,-86,leave
878,1578566248557,-92,leave
879,1578566248661,-87,leave
880,1578566248762,-90,leave
881,1578566248872,-84,leave
882,1578566248976,-91,leave
883,1578566249087,-81,leave
884,1578566249313,-87,leave
885,1578566249394,-84,leave
886,1578566249497,-86,leave
887,1578566249602,-88,leave
888,1578566249700,-84,leave
889,1578566249806,-91,leave
890,1578566249910,-95,leave
891,1578566250019,-80,leave
892,1578566250242,-96,leave
893,1578566250456,-94,leave
894,1578566250542,-84,leave
895,1578566250651,-83,leave
896,1578566250887,-91,leave
897,1578566251065,-91,leave
898,1578566251174,-88,leave
899,1578566251280,-99,leave
900,1578566251387,-94,leave
901,1578566251493,-94,leave
902,1578566251611,-90,leave
903,1578566251714,-94,leave
904,1578566251945,-85,leave
905,1578566252029,-90,leave
906,1578566252139,-82,leave
907,1578566252361,-85,leave
908,1578566252442,-78,far
909,1578566252549,-86,far
910,1578566252650,-91,far
911,1578566252756,-92,far
912,1578566253004,-94,far
913,1578566253082,-89,far
914,1578566253193,-90,far
915,1578566253299,-93,far
916,1578566253402,-91,far
917,1578566253637,-93,far
918,1578566253818,-92,far
919,1578566253927,-92,far
920,1578566254023,-92,far
921,1578566254134,-82,far
922,1578566254236,-83,far
923,1578566254337,-84,far
924,1578566254578,-84,far
925,1578566254667,-78,far
926,1578566254769,-90,far
927,1578566254866,-86,far
928,1578566254975,-76,approach
929,1578566255082,-80,approach
930,1578566255182,-76,approach
931,1578566255288,-82,approach
932,1578566255404,-77,approach
933,1578566255504,-77,approach
934,1578566255606,-78,approach
935,1578566255706,-73,approach
936,1578566255805,-83,approach
937,1578566255917,-93,approach
938,1578566256022,-78,approach
939,1578566256137,-76,approach
940,1578566256247,-74,approach
941,1578566256347,-72,approach
942,1578566256455,-71,approach
943,1578566256560,-71,approach
944,1578566256664,-69,approach
945,1578566256767,-67,approach
946,1578566256877,-76,approach
947,1578566256977,-92,approach
948,1578566257083,-73,approach
949,1578566257189,-70,approach
950,1578566257287,-80,approach
951,1578566257394,-88,approach
952,1578566257501,-82,approach
953,1578566257601,-77,approach
954,1578566257838,-69,approach
955,1578566257922,-76,approach
956,1578566258023,-73,approach
957,1578566258133,-72,approach
958,1578566258240,-72,approach
959,1578566258346,-73,approach
960,1578566258455,-75,approach
961,1578566258556,-86,approach
962,1578566258663,-73,approach
963,1578566258766,-65,approach
964,1578566258875,-68,approach
965,1578566258977,-72,approach
966,1578566259076,-70,approach
967,1578566259180,-69,approach
968,1578566259283,-76,approach
969,1578566259386,-72,approach
970,1578566259490,-64,approach
971,1578566259607,-73,approach
972,1578566259711,-78,approach
973,1578566259817,-68,approach
974,1578566260062,-74,approach
975,1578566260123,-73,approach
976,1578566260239,-66,approach
977,1578566260338,-66,approach
978,1578566260441,-69,approach
979,1578566260551,-71,approach
980,1578566260661,-72,approach
981,1578566260770,-76,approach
982,1578566260874,-67,approach
983,1578566260979,-65,approach
984,1578566261071,-71,approach
985,1578566261176,-67,approach
986,1578566261279,-71,approach
987,1578566261382,-68,approach
988,1578566261491,-68,approach
989,1578566261597,-66,approach
990,1578566261705,-72,approach
991,1578566261817,-63,approach
992,1578566261924,-64,approach
993,1578566262028,-62,approach
994,1578566262139,-67,approach
995,1578566262241,-66,approach
996,1578566262341,-61,approach
997,1578566262445,-58,approach
998,1578566262547,-59,approach
999,1578566262657,-60,approach
1000,1578566262760,-65,approach
1001,1578566262867,-56,approach
1002,1578566262969,-65,approach
1003,1578566263071,-71,approach
1004,1578566263173,-60,approach
1005,1578566263278,-64,approach
1006,1578566263391,-63,approach
1007,1578566263497,-68,approach
1008,1578566263607,-63,approach
1009,1578566263709,-61,approach
1010,1578566263810,-63,approach
1011,1578566263910,-56,approach
1012,1578566264022,-57,approach
1013,1578566264123,-58,approach
1014,1578566264220,-60,approach
1015,1578566264323,-56,near
1016,1578566264425,-56,near
1017,1578566264531,-68,near
1018,1578566264637,-62,near
1019,1578566264757,-59,near
1020,1578566264863,-58,near
1021,1578566264964,-59,near
1022,1578566265074,-60,near
1023,1578566265176,-59,near
1024,1578566265283,-59,near
1025,1578566265389,-58,near
1026,1578566265487,-58,near
1027,1578566265587,-59,near
1028,1578566265689,-60,near
1029,1578566265798,-60,near
1030,1578566265901,-60,near
1031,1578566266009,-60,near
1032,1578566266117,-60,near
1033,1578566266456,-66,near
1034,1578566266536,-58,near
1035,1578566266627,-53,near
1036,1578566266737,-52,leave
1037,1578566266846,-63,leave
1038,1578566266947,-56,leave
1039,1578566267056,-59,leave
1040,1578566267159,-57,leave
1041,1578566267264,-64,leave
1042,1578566267500,-65,leave
1043,1578566267688,-69,leave
1044,1578566267803,-73,leave
1045,1578566267907,-76,leave
1046,1578566268010,-81,leave
1047,1578566268108,-71,leave
1048,1578566268220,-68,leave
1049,1578566268324,-74,leave
1050,1578566268420,-73,leave
1051,1578566268523,-71,leave
1052,1578566268629,-69,leave
1053,1578566268730,-77,leave
1054,1578566268837,-82,leave
1055,1578566268937,-77,leave
1056,1578566269040,-78,leave
1057,1578566269136,-72,leave
1058,1578566269241,-68,leave
1059,1578566269349,-71,leave
1060,1578566269450,-69,leave
1061,1578566269564,-73,leave
1062,1578566269673,-80,leave
1063,1578566269779,-76,leave
1064,1578566269883,-87,leave
1065,1578566269990,-91,leave
1066,1578566270094,-78,leave
1067,1578566270196,-79,leave
1068,1578566270292,-76,leave
1069,1578566270393,-83,leave
1070,1578566270501,-80,leave
1071,1578566270604,-82,leave
1072,1578566270714,-96,leave
1073,1578566270813,-99,leave
1074,1578566270920,-82,leave
1075,1578566271018,-79,leave
1076,1578566271124,-77,leave
1077,1578566271237,-83,leave
1078,1578566271342,-79,leave
1079,1578566271450,-84,leave
1080,1578566271557,-76,leave
1081,1578566271666,-86,leave
1082,1578566271769,-79,leave
1083,1578566271875,-80,leave
1084,1578566271985,-86,leave
1085,1578566272097,-80,leave
1086,1578566272196,-85,leave
1087,1578566272300,-85,leave
1088,1578566272407,-93,leave
1089,1578566272514,-82,leave
1090,1578566272614,-86,leave
1091,1578566272854,-87,leave
1092,1578566273044,-80,leave
1093,1578566273145,-83,leave
1094,1578566273252,-94,leave
1095,1578566273361,-86,leave
1096,1578566273461,-98,leave
1097,1578566273568,-85,leave
1098,1578566273669,-76,leave
1099,1578566273775,-79,leave
1100,1578566273879,-84,leave
1101,1578566274109,-87,leave
1102,1578566274192,-89,leave
1103,1578566274296,-87,leave
1104,1578566274401,-86,leave
1105,1578566274511,-86,leave
1106,1578566274617,-82,leave
1107,1578566274723,-89,leave
1108,1578566274825,-87,leave
1109,1578566274934,-94,leave
1110,1578566275030,-86,leave
1111,1578566275133,-83,leave
1112,1578566275235,-83,leave
1113,1578566275476,-92,leave
1114,1578566275561,-88,leave
1115,1578566275661,-96,leave
1116,1578566275771,-94,leave
1117,1578566275882,-91,leave
1118,1578566275993,-89,leave
1119,1578566276099,-86,leave
1120,1578566276201,-82,leave
1121,1578566276301,-81,leave
1122,1578566276400,-80,leave
1123,1578566276508,-89,leave
1124,1578566276722,-93,leave
1125,1578566276807,-82,leave
1126,1578566276913,-84,far
1127,1578566277021,-86,far
1128,1578566277122,-86,far
1129,1578566277228,-80,far
1130,1578566277344,-80,far
1131,1578566277454,-82,far
1132,1578566277561,-81,far
1133,1578566277668,-85,far
1134,1578566277774,-84,far
1135,1578566277878,-84,far
1136,1578566277975,-85,far
1137,1578566278086,-84,far
1138,1578566278191,-86,far
1139,1578566278298,-90,far
1140,1578566278406,-89,far
1141,1578566278512,-89,far
1142,1578566278614,-89,far
1143,1578566278713,-88,far
1144,1578566278817,-88,far
1145,1578566279056,-82,far
1146,1578566279140,-82,far
1147,1578566279247,-94,far
1148,1578566279345,-83,far
1149,1578566279451,-90,approach
1150,1578566279552,-80,approach
1151,1578566279655,-93,approach
1152,1578566279766,-77,approach
1153,1578566279880,-82,approach
1154,1578566279983,-85,approach
1155,1578566280087,-81,approach
1156,1578566280195,-76,approach
1157,1578566280297,-77,approach
1158,1578566280400,-76,approach
1159,1578566280511,-74,approach
1160,1578566280618,-79,approach
1161,1578566280719,-85,approach
1162,1578566280826,-79,approach
1163,1578566280925,-80,approach
1164,1578566281026,-72,approach
1165,1578566281141,-74,approach
1166,1578566281240,-76,approach
1167,1578566281350,-76,approach
1168,1578566281461,-71,approach
1169,1578566281569,-72,approach
1170,1578566281803,-72,approach
1171,1578566281889,-72,approach
1172,1578566281991,-76,approach
1173,1578566282096,-87,approach
1174,1578566282203,-78,approach
1175,1578566282310,-74,approach
1176,1578566282416,-73,approach
1177,1578566282519,-76,approach
1178,1578566282619,-74,approach
1179,1578566282716,-70,approach
1180,1578566282827,-78,approach
1181,1578566282936,-71,approach
1182,1578566283039,-71,approach
1183,1578566283148,-71,approach
1184,1578566283250,-69,approach
1185,1578566283356,-71,approach
1186,1578566283461,-71,approach
1187,1578566283566,-73,approach
1188,1578566283668,-76,approach
1189,1578566283778,-66,approach
1190,1578566283881,-68,approach
1191,1578566283985,-65,approach
1192,1578566284086,-72,approach
1193,1578566284198,-76,approach
1194,1578566284295,-79,approach
1195,1578566284402,-71,approach
1196,1578566284503,-77,approach
1197,1578566284744,-67,approach
1198,1578566284824,-67,approach
1199,1578566284925,-67,approach
1200,1578566285036,-67,approach
1201,1578566285147,-79,approach
1202,1578566285249,-68,approach
1203,1578566285354,-67,approach
1204,1578566285457,-63,approach
1205,1578566285566,-67,approach
1206,1578566285669,-68,approach
1207,1578566285779,-77,approach
1208,1578566285884,-75,approach
1209,1578566285984,-75,approach
1210,1578566286091,-75,approach
1211,1578566286191,-75,approach
1212,1578566286290,-65,approach
1213,1578566286394,-74,approach
1214,1578566286502,-67,approach
1215,1578566286603,-67,approach
1216,1578566286714,-77,approach
1217,1578566286806,-75,approach
1218,1578566286909,-63,approach
1219,1578566287018,-63,approach
1220,1578566287127,-66,approach
1221,1578566287228,-64,approach
1222,1578566287329,-61,approach
1223,1578566287439,-60,approach
1224,1578566287550,-62,approach
1225,1578566287659,-64,approach
1226,1578566287766,-65,approach
1227,1578566287871,-64,approach
1228,1578566287970,-58,approach
1229,1578566288202,-62,approach
1230,1578566288282,-61,approach
1231,1578566288390,-60,approach
1232,1578566288499,-60,approach
1233,1578566288606,-62,approach
1234,1578566288715,-62,approach
1235,1578566288823,-60,approach
1236,1578566288928,-59,approach
1237,1578566289034,-67,approach
1238,1578566289138,-60,approach
1239,1578566289239,-56,approach
1240,1578566289449,-64,approach
1241,1578566289557,-56,approach
1242,1578566289660,-61,approach
1243,1578566289762,-71,near
1244,1578566289865,-64,near
1245,1578566289967,-68,near
1246,1578566290070,-58,near
1247,1578566290302,-52,near
1248,1578566290387,-51,near
1249,1578566290507,-50,near
1250,1578566290610,-50,near
1251,1578566290712,-50,near
1252,1578566290815,-50,near
1253,1578566290923,-50,near
1254,1578566291026,-50,near
1255,1578566291136,-50,near
1256,1578566291240,-50,near
1257,1578566291337,-50,near
1258,1578566291446,-50,near
1259,1578566291541,-56,near
1260,1578566291646,-56,leave
1261,1578566291754,-56,leave
1262,1578566291861,-60,leave
1263,1578566291970,-57,leave
1264,1578566292086,-52,leave
1265,1578566292187,-56,leave
1266,1578566292287,-55,leave
1267,1578566292390,-74,leave
1268,1578566292486,-61,leave
1269,1578566292588,-66,leave
1270,1578566292698,-71,leave
1271,1578566292804,-68,leave
1272,1578566292909,-71,leave
1273,1578566293018,-76,leave
1274,1578566293115,-69,leave
1275,1578566293223,-73,leave
1276,1578566293332,-66,leave
1277,1578566293440,-68,leave
1278,1578566293543,-68,leave
1279,1578566293652,-76,leave
1280,1578566293761,-78,leave
1281,1578566293862,-76,leave
1282,1578566293971,-91,leave
1283,1578566294071,-88,leave
1284,1578566294175,-72,leave
1285,1578566294281,-75,leave
1286,1578566294388,-71,leave
1287,1578566294496,-87,leave
1288,1578566294596,-74,leave
1289,1578566294707,-77,leave
1290,1578566294807,-73,leave
1291,1578566294907,-86,leave
1292,1578566295011,-77,leave
1293,1578566295121,-74,leave
1294,1578566295223,-89,leave
1295,1578566295324,-74,leave
1296,1578566295424,-86,leave
1297,1578566295524,-73,leave
1298,1578566295629,-74,leave
1299,1578566295737,-84,leave
1300,1578566295839,-81,leave
1301,1578566295945,-76,leave
1302,1578566296047,-81,leave
1303,1578566296151,-89,leave
1304,1578566296260,-76,leave
1305,1578566296363,-92,leave
1306,1578566296468,-85,leave
1307,1578566296570,-77,leave
1308,1578566296679,-75,leave
1309,1578566296781,-80,leave
1310,1578566296888,-92,leave
1311,1578566296995,-78,leave
1312,1578566297097,-91,leave
1313,1578566297197,-82,leave
1314,1578566297298,-90,leave
1315,1578566297408,-84,leave
1316,1578566297499,-77,leave
1317,1578566297612,-83,leave
1318,1578566297712,-80,leave
1319,1578566297820,-81,leave
1320,1578566297920,-80,leave
1321,1578566298025,-84,leave
1322,1578566298142,-84,leave
1323,1578566298245,-86,leave
1324,1578566298358,-83,leave
1325,1578566298465,-87,leave
1326,1578566298573,-91,leave
1327,1578566298670,-91,leave
1328,1578566298783,-80,leave
1329,1578566298889,-87,leave
1330,1578566299003,-84,leave
1331,1578566299102,-85,leave
1332,1578566299201,-80,leave
1333,1578566299310,-88,leave
1334,1578566299422,-90,leave
1335,1578566299517,-91,leave
1336,1578566299629,-85,leave
1337,1578566299732,-92,leave
1338,1578566299847,-85,leave
1339,1578566299941,-85,leave
1340,1578566300040,-83,leave
1341,1578566300151,-96,leave
1342,1578566300260,-85,leave
1343,1578566300364,-84,leave
1344,1578566300471,-87,leave
1345,1578566300575,-97,leave
1346,1578566300686,-90,leave
1347,1578566300785,-94,leave
1348,1578566300899,-97,leave
1349,1578566300996,-90,leave
1350,1578566301099,-87,leave
1351,1578566301203,-84,leave
1352,1578566301309,-82,leave
1353,1578566301418,-81,leave
1354,1578566301526,-88,leave
1355,1578566301633,-85,leave
1356,1578566301735,-80,leave
1357,1578566301830,-80,leave
1358,1578566301930,-91,far
1359,1578566302032,-94,far
1360,1578566302268,-81,far
1361,1578566302363,-82,far
1362,1578566302465,-83,far
1363,1578566302570,-82,far
1364,1578566302675,-91,far
1365,1578566302780,-95,far
1366,1578566303017,-90,far
1367,1578566303100,-93,far
1368,1578566303201,-92,far
1369,1578566303302,-92,far
1370,1578566303411,-92,far
1371,1578566303508,-94,far
1372,1578566303615,-91,far
1373,1578566303721,-88,far
1374,1578566303827,-87,far
1375,1578566303926,-87,far
1376,1578566304036,-87,far
1377,1578566304141,-87,far
1378,1578566304246,-91,far
1379,1578566304358,-91,far
1380,1578566304459,-88,far
1381,1578566304569,-90,far
1382,1578566304672,-88,far
1383,1578566304775,-90,far
1384,1578566304877,-92,far
1385,1578566304986,-89,far
1386,1578566305090,-92,far
1387,1578566305330,-88,far
1388,1578566305411,-92,far
1389,1578566305512,-92,far
1390,1578566305751,-95,far
1391,1578566305832,-93,far
1392,1578566305943,-97,far
1393,1578566306051,-88,far
1394,1578566306157,-87,far
1395,1578566306259,-88,far
1396,1578566306367,-87,far
1397,1578566306466,-87,far
1398,1578566306565,-87,far
1399,1578566306678,-87,far
1400,1578566306784,-87,far
1401,1578566306891,-87,far
1402,1578566306996,-87,far
1403,1578566307097,-87,far
1404,1578566307209,-88,far
1405,1578566307312,-87,far
1406,1578566307414,-86,far
1407,1578566307522,-87,far
1408,1578566307623,-86,far
1409,1578566307731,-86,far
1410,1578566307836,-86,far
1411,1578566307939,-85,far
1412,1578566308045,-85,far
1413,1578566308141,-85,far
1414,1578566308253,-85,far
1415,1578566308362,-85,far
1416,1578566308470,-85,far
1417,1578566308578,-84,far
1418,1578566308683,-85,far
1419,1578566308790,-85,far
1420,1578566308897,-86,far
1421,1578566308997,-86,far
1422,1578566309104,-86,far
1423,1578566309211,-86,far
1424,1578566309318,-86,far
1425,1578566309421,-86,far
1426,1578566309521,-87,far
1427,1578566309620,-87,far
1428,1578566309728,-87,far
1429,1578566309964,-87,far
1430,1578566310041,-88,far
1431,1578566310142,-91,far
1432,1578566310248,-92,far
1433,1578566310353,-89,far
1434,1578566310458,-90,far
1435,1578566310566,-94,far
1436,1578566310678,-93,far
1437,1578566310784,-93,far
1438,1578566310887,-91,far
1439,1578566310992,-93,far
1440,1578566311098,-93,far
1441,1578566311199,-98,far
1442,1578566311305,-95,far
1443,1578566311406,-95,far
1444,1578566311514,-94,far
1445,1578566311621,-92,far
1446,1578566311726,-96,far
1447,1578566311829,-96,far
1448,1578566311937,-96,far
1449,1578566312176,-96,far
1450,1578566312259,-99,far
1451,1578566312362,-92,far
1452,1578566312468,-95,far
1453,1578566312571,-92,far
1454,1578566312685,-94,far
1455,1578566312784,-91,far
1456,1578566312884,-95,far
1457,1578566312993,-91,far
1458,1578566313094,-96,far
1459,1578566313201,-91,far
1460,1578566313302,-91,far
1461,1578566313415,-93,far
1462,1578566313508,-95,far
1463,1578566313619,-90,far
1464,1578566313720,-90,far
1465,1578566313819,-93,far
1466,1578566313928,-94,far
1467,1578566314034,-90,far
1468,1578566314138,-90,far
1469,1578566314485,-100,far
1470,1578566314677,-94,far
1471,1578566314782,-93,far
1472,1578566314883,-94,far
1473,1578566314981,-94,far
1474,1578566315089,-91,far
1475,1578566315192,-95,far
1476,1578566315302,-94,far
1477,1578566315410,-96,far
1478,1578566315516,-100,far
1479,1578566315627,-98,far
1480,1578566315734,-94,far
1481,1578566315838,-94,far
1482,1578566316075,-92,far
1483,1578566316155,-90,far
1484,1578566316262,-90,far
1485,1578566316363,-90,far
1486,1578566316472,-87,far
1487,1578566316578,-88,far
1488,1578566316679,-87,far
1489,1578566316775,-86,far
1490,1578566316884,-84,far
1491,1578566316977,-82,far
1492,1578566317091,-80,far
1493,1578566317193,-86,far
1494,1578566317287,-93,far
1495,1578566317398,-87,approach
1496,1578566317621,-81,approach
1497,1578566317705,-78,approach
1498,1578566317820,-84,approach
1499,1578566317928,-78,approach
1500,1578566318034,-75,approach
1501,1578566318132,-75,approach
1502,1578566318360,-74,approach
1503,1578566318550,-82,approach
1504,1578566318672,-81,approach
1505,1578566318775,-76,approach
1506,1578566318884,-74,approach
1507,1578566318989,-84,approach
1508,1578566319089,-72,approach
1509,1578566319192,-87,approach
1510,1578566319287,-87,approach
1511,1578566319389,-82,approach
1512,1578566319492,-74,approach
1513,1578566319601,-84,approach
1514,1578566319702,-80,approach
1515,1578566319812,-81,approach
1516,1578566319921,-78,approach
1517,1578566320021,-73,approach
1518,1578566320126,-78,approach
1519,1578566320236,-73,approach
1520,1578566320341,-71,approach
1521,1578566320445,-75,approach
1522,1578566320556,-72,approach
1523,1578566320666,-69,approach
1524,1578566320765,-69,approach
1525,1578566320868,-75,approach
1526,1578566320972,-71,approach
1527,1578566321077,-68,approach
1528,1578566321169,-76,approach
1529,1578566321406,-70,approach
1530,1578566321486,-69,approach
1531,1578566321596,-67,approach
1532,1578566321701,-69,approach
1533,1578566321812,-73,approach
1534,1578566321914,-69,approach
1535,1578566322024,-74,approach
1536,1578566322126,-71,approach
1537,1578566322226,-66,approach
1538,1578566322329,-67,approach
1539,1578566322429,-75,approach
1540,1578566322536,-80,approach
1541,1578566322764,-71,approach
1542,1578566322843,-68,approach
1543,1578566322946,-63,approach
1544,1578566323056,-60,approach
1545,1578566323158,-60,approach
1546,1578566323265,-60,approach
1547,1578566323369,-66,approach
1548,1578566323470,-60,approach
1549,1578566323582,-64,approach
1550,1578566323687,-60,approach
1551,1578566323789,-66,approach
1552,1578566323893,-56,approach
1553,1578566323995,-64,approach
1554,1578566324094,-64,approach
1555,1578566324198,-66,approach
1556,1578566324305,-60,approach
1557,1578566324400,-71,approach
1558,1578566324522,-59,approach
1559,1578566324621,-61,approach
1560,1578566324729,-56,approach
1561,1578566324829,-57,approach
1562,1578566324924,-61,approach
1563,1578566325031,-60,near
1564,1578566325136,-73,near
1565,1578566325245,-58,near
1566,1578566325353,-57,near
1567,1578566325471,-58,near
1568,1578566325571,-58,near
1569,1578566325676,-57,near
1570,1578566325785,-57,near
1571,1578566325899,-56,near
1572,1578566325997,-57,near
1573,1578566326100,-58,near
1574,1578566326210,-58,near
1575,1578566326311,-58,near
1576,1578566326422,-58,near
1577,1578566326532,-56,near
1578,1578566326640,-58,near
1579,1578566326746,-58,near
1580,1578566326854,-59,near
1581,1578566326953,-58,near
1582,1578566327061,-58,near
1583,1578566327169,-58,near
1584,1578566327271,-58,near
1585,1578566327378,-58,near
1586,1578566327474,-58,near
1587,1578566327589,-58,near
1588,1578566327692,-58,near
1589,1578566327783,-58,near
1590,1578566327895,-59,near
1591,1578566328000,-58,near
1592,1578566328106,-58,near
1593,1578566328197,-58,near
1594,1578566328308,-57,near
1595,1578566328415,-57,near
1596,1578566328523,-57,near
1597,1578566328627,-56,near
1598,1578566328737,-56,near
1599,1578566328848,-56,near
1600,1578566328934,-55,near
1601,1578566329037,-54,near
1602,1578566329147,-54,near
1603,1578566329265,-54,near
1604,1578566329375,-52,near
1605,1578566329467,-51,near
1606,1578566329688,-51,near
1607,1578566329797,-51,near
1608,1578566329904,-51,near
1609,1578566330003,-50,near
1610,1578566330106,-51,near
1611,1578566330206,-50,near
1612,1578566330437,-50,near
1613,1578566330515,-50,near
1614,1578566330626,-56,near
1615,1578566330731,-56,near
1616,1578566330837,-55,near
1617,1578566330943,-56,near
1618,1578566331044,-56,near
1619,1578566331142,-56,near
1620,1578566331252,-56,near
1621,1578566331365,-58,near
1622,1578566331474,-59,near
1623,1578566331575,-60,near
1624,1578566331682,-59,near
1625,1578566331782,-58,near
1626,1578566331889,-58,near
1627,1578566331993,-58,near
1628,1578566332102,-58,near
1629,1578566332209,-57,near
1630,1578566332315,-58,near
1631,1578566332417,-57,near
1632,1578566332524,-57,near
1633,1578566332629,-56,near
1634,1578566332733,-55,near
1635,1578566332840,-55,near
1636,1578566332949,-56,near
1637,1578566333057,-56,near
1638,1578566333162,-56,near
1639,1578566333267,-56,near
1640,1578566333368,-56,near
1641,1578566333475,-56,near
1642,1578566333580,-56,near
1643,1578566333686,-56,near
1644,1578566333791,-56,near
1645,1578566333900,-56,near
1646,1578566334000,-56,near
1647,1578566334111,-56,near
1648,1578566334213,-56,near
1649,1578566334320,-57,near
1650,1578566334427,-57,near
1651,1578566334530,-57,near
1652,1578566334636,-57,near
1653,1578566334735,-58,near
1654,1578566334838,-58,near
1655,1578566334944,-58,near
1656,1578566335044,-58,near
1657,1578566335152,-58,near
1658,1578566335264,-57,near
1659,1578566335371,-57,near
1660,1578566335584,-58,near
1661,1578566335696,-58,near
1662,1578566335798,-59,near
1663,1578566335897,-59,near
1664,1578566336006,-59,near
1665,1578566336111,-59,near
1666,1578566336345,-60,near
1667,1578566336420,-60,near
1668,1578566336520,-60,near
1669,1578566336630,-59,near
1670,1578566336736,-58,near
1671,1578566336842,-58,near
1672,1578566336950,-57,near
1673,1578566337051,-58,near
1674,1578566337263,-57,near
1675,1578566337489,-58,near
1676,1578566337580,-59,near
1677,1578566337686,-59,near
1678,1578566337789,-59,near
1679,1578566337894,-58,near
1680,1578566338123,-58,near
1681,1578566338206,-58,near
1682,1578566338307,-57,near
1683,1578566338417,-57,near
1684,1578566338521,-57,near
1685,1578566338629,-57,near
1686,1578566338841,-53,near
1687,1578566338944,-54,near
1688,1578566339052,-54,near
1689,1578566339163,-54,near
1690,1578566339263,-53,near
1691,1578566339370,-53,near
1692,1578566339474,-54,near
1693,1578566339576,-53,near
1694,1578566339687,-53,near
1695,1578566339789,-53,near
1696,1578566339894,-53,near
1697,1578566339992,-53,near
1698,1578566340091,-53,near
1699,1578566340199,-54,near
1700,1578566340312,-54,near
1701,1578566340722,-55,near
1702,1578566340939,-54,near
1703,1578566341169,-53,near
1704,1578566341349,-52,leave
1705,1578566341458,-65,leave
1706,1578566341565,-61,leave
1707,1578566341671,-56,leave
1708,1578566341783,-57,leave
1709,1578566341882,-56,leave
1710,1578566341992,-62,leave
1711,1578566342226,-62,leave
1712,1578566342312,-68,leave
1713,1578566342415,-72,leave
1714,1578566342528,-64,leave
1715,1578566342635,-75,leave
1716,1578566342738,-77,leave
1717,1578566342849,-73,leave
1718,1578566342954,-78,leave
1719,1578566343055,-73,leave
1720,1578566343161,-80,leave
1721,1578566343266,-76,leave
1722,1578566343372,-83,leave
1723,1578566343477,-75,leave
1724,1578566343579,-73,leave
1725,1578566343682,-73,leave
1726,1578566343784,-77,leave
1727,1578566343883,-86,leave
1728,1578566343991,-84,leave
1729,1578566344227,-81,leave
1730,1578566344306,-76,leave
1731,1578566344412,-84,leave
1732,1578566344510,-83,leave
1733,1578566344618,-80,leave
1734,1578566344725,-83,leave
1735,1578566344830,-76,leave
1736,1578566345062,-87,leave
1737,1578566345142,-75,leave
1738,1578566345592,-78,leave
1739,1578566345773,-83,leave
1740,1578566345878,-85,leave
1741,1578566345977,-86,leave
1742,1578566346080,-88,leave
1743,1578566346181,-88,leave
1744,1578566346294,-84,leave
1745,1578566346395,-80,leave
1746,1578566346502,-86,leave
1747,1578566346607,-82,leave
1748,1578566346714,-94,leave
1749,1578566346817,-87,leave
1750,1578566346922,-104,leave
1751,1578566347026,-80,leave
1752,1578566347135,-90,leave
1753,1578566347240,-85,leave
1754,1578566347346,-86,leave
1755,1578566347461,-89,leave
1756,1578566347684,-89,leave
1757,1578566347770,-90,leave
1758,1578566347873,-87,leave
1759,1578566347978,-86,leave
1760,1578566348083,-84,leave
1761,1578566348191,-85,leave
1762,1578566348299,-93,leave
1763,1578566348400,-94,leave
1764,1578566348634,-86,leave
1765,1578566348710,-84,leave
1766,1578566348802,-85,leave
1767,1578566348911,-84,far
1768,1578566349014,-81,far
1769,1578566349115,-96,far
1770,1578566349221,-86,far
1771,1578566349331,-89,far
1772,1578566349435,-87,far
1773,1578566349540,-92,far
1774,1578566349642,-89,far
1775,1578566349747,-87,far
1776,1578566349855,-88,far
1777,1578566349957,-88,far
1778,1578566350065,-89,far
1779,1578566350167,-94,far
1780,1578566350275,-98,far
1781,1578566350371,-93,far
1782,1578566350483,-89,far
1783,1578566350588,-87,far
1784,1578566350694,-86,far
1785,1578566351025,-86,far
1786,1578566351102,-79,far
1787,1578566351207,-78,far
1788,1578566351310,-77,far
1789,1578566351423,-80,far
1790,1578566351523,-80,far
1791,1578566351620,-80,far
1792,1578566351720,-80,far
1793,1578566351827,-80,far
1794,1578566351936,-80,far
1795,1578566352046,-80,far
1796,1578566352150,-82,far
1797,1578566352266,-82,far
1798,1578566352371,-83,far
1799,1578566352474,-82,far
1800,1578566352584,-83,far
1801,1578566352693,-82,far
1802,1578566353034,-84,far
1803,1578566353225,-81,far
1804,1578566353455,-80,far
1805,1578566353540,-80,far
1806,1578566353650,-82,far
1807,1578566353755,-82,far
1808,1578566353855,-82,far
1809,1578566353962,-82,far
1810,1578566354069,-88,far
1811,1578566354169,-85,far
1812,1578566354275,-93,far
1813,1578566354376,-85,far
1814,1578566354485,-89,far
1815,1578566354594,-86,far
1816,1578566354695,-83,far
1817,1578566354799,-82,far
1818,1578566354896,-83,far
1819,1578566355002,-82,far
1820,1578566355111,-80,far
1821,1578566355219,-85,far
1822,1578566355333,-95,far
1823,1578566355771,-100,far
1824,1578566355848,-99,far
1825,1578566355951,-100,far
1826,1578566356062,-100,far
1827,1578566356173,-92,far
1828,1578566356277,-91,far
1829,1578566356376,-92,far
1830,1578566356485,-96,far
1831,1578566356588,-92,far
1832,1578566356698,-91,far
1833,1578566356805,-90,far
1834,1578566356908,-90,far
1835,1578566357005,-89,far
1836,1578566357106,-89,far
1837,1578566357214,-90,far
1838,1578566357316,-89,far
1839,1578566357415,-88,far
1840,1578566357526,-89,far
1841,1578566357757,-90,far
1842,1578566357839,-90,far
1843,1578566357939,-89,far
1844,1578566358052,-89,far
1845,1578566358160,-91,far
1846,1578566358265,-91,far
1847,1578566358373,-91,far
1848,1578566358607,-90,far
1849,1578566358681,-89,far
1850,1578566358789,-90,far
1851,1578566358895,-90,far
1852,1578566359003,-89,far
1853,1578566359104,-89,far
1854,1578566359215,-88,far
1855,1578566359318,-85,far
1856,1578566359426,-85,far
1857,1578566359529,-86,far
1858,1578566359637,-87,far
1859,1578566359744,-87,far
1860,1578566359852,-86,far
1861,1578566359959,-87,far
1862,1578566360060,-85,far
1863,1578566360167,-86,far
1864,1578566360268,-87,far
1865,1578566360369,-88,far
1866,1578566360477,-88,far
1867,1578566360585,-87,far
1868,1578566360692,-89,far
1869,1578566360799,-90,far
1870,1578566360901,-89,far
1871,1578566361011,-89,far
1872,1578566361104,-88,far
1873,1578566361219,-90,far
1874,1578566361327,-89,far
1875,1578566361429,-89,far
1876,1578566361536,-88,far
1877,1578566361638,-88,far
1878,1578566361740,-88,far
1879,1578566361845,-88,far
1880,1578566361946,-87,far
1881,1578566362056,-87,far
1882,1578566362160,-86,far
1883,1578566362266,-87,far
1884,1578566362376,-87,far
1885,1578566362484,-86,far
1886,1578566362593,-87,far
1887,1578566362695,-85,far
1888,1578566362795,-85,far
1889,1578566362906,-85,far
1890,1578566363010,-86,far
1891,1578566363115,-85,far
1892,1578566363221,-85,far
1893,1578566363319,-87,far
1894,1578566363422,-81,far
1895,1578566363533,-81,far
1896,1578566363639,-81,far
1897,1578566363743,-81,far
1898,1578566363851,-82,far
1899,1578566363953,-83,far
1900,1578566364059,-83,far
1901,1578566364165,-83,far
1902,1578566364269,-83,far
1903,1578566364372,-83,far
1904,1578566364483,-83,far
1905,1578566364588,-82,far
1906,1578566364689,-82,far
1907,1578566364923,-82,far
1908,1578566365004,-82,far
1909,1578566365108,-82,far
1910,1578566365209,-82,far
1911,1578566365320,-82,far
1912,1578566365424,-82,far
1913,1578566365532,-82,far
1914,1578566365631,-83,far
1915,1578566365742,-84,far
1916,1578566365849,-78,far
1917,1578566365942,-82,far
1918,1578566366050,-92,far
1919,1578566366282,-77,far
1920,1578566366362,-81,far
1921,1578566366482,-77,far
1922,1578566366712,-80,far
1923,1578566366796,-81,far
1924,1578566366895,-77,far
1925,1578566366989,-78,far
1926,1578566367091,-87,approach
1927,1578566367435,-93,approach
1928,1578566367523,-85,approach
1929,1578566367622,-86,approach
1930,1578566367732,-80,approach
1931,1578566367843,-78,approach
1932,1578566367943,-81,approach
1933,1578566368042,-77,approach
1934,1578566368156,-78,approach
1935,1578566368266,-76,approach
1936,1578566368375,-77,approach
1937,1578566368479,-80,approach
1938,1578566368579,-73,approach
1939,1578566368689,-73,approach
1940,1578566368790,-72,approach
1941,1578566368894,-72,approach
1942,1578566368995,-78,approach
1943,1578566369093,-80,approach
1944,1578566369214,-74,approach
1945,1578566369452,-76,approach
1946,1578566369537,-75,approach
1947,1578566369639,-78,approach
1948,1578566369751,-73,approach
1949,1578566369845,-76,approach
1950,1578566369945,-80,approach
1951,1578566370046,-82,approach
1952,1578566370154,-74,approach
1953,1578566370262,-75,approach
1954,1578566370367,-74,approach
1955,1578566370473,-74,approach
1956,1578566370579,-74,approach
1957,1578566370682,-74,approach
1958,1578566370783,-76,approach
1959,1578566371017,-69,approach
1960,1578566371100,-71,approach
1961,1578566371209,-69,approach
1962,1578566371315,-81,approach
1963,1578566371416,-69,approach
1964,1578566371521,-68,approach
1965,1578566371627,-64,approach
1966,1578566371730,-61,approach
1967,1578566371841,-64,approach
1968,1578566371942,-63,approach
1969,1578566372045,-68,approach
1970,1578566372149,-72,approach
1971,1578566372257,-62,approach
1972,1578566372362,-58,approach
1973,1578566372473,-57,approach
1974,1578566372575,-61,approach
1975,1578566372685,-63,approach
1976,1578566372790,-58,approach
1977,1578566372893,-66,approach
1978,1578566372992,-72,approach
1979,1578566373095,-58,approach
1980,1578566373188,-70,approach
1981,1578566373291,-65,approach
1982,1578566373402,-58,approach
1983,1578566373508,-58,approach
1984,1578566373614,-57,approach
1985,1578566373811,-57,near
1986,1578566373915,-58,near
1987,1578566374023,-55,near
1988,1578566374131,-56,near
1989,1578566374241,-56,near
1990,1578566374346,-56,near
1991,1578566374455,-55,near
1992,1578566374558,-54,near
1993,1578566374665,-54,near
1994,1578566374767,-54,near
1995,1578566374871,-54,near
1996,1578566374978,-54,near
1997,1578566375083,-54,near
1998,1578566375315,-56,near
1999,1578566375409,-57,near
2000,1578566375514,-58,near
2001,1578566375615,-58,near
2002,1578566375717,-56,near
2003,1578566375826,-56,near
2004,1578566375927,-56,near
2005,1578566376024,-56,near
2006,1578566376131,-56,near
2007,1578566376233,-57,near
2008,1578566376337,-60,near
2009,1578566376429,-59,near
2010,1578566376532,-58,near
2011,1578566376637,-62,near
2012,1578566376742,-68,near
2013,1578566376851,-68,near
2014,1578566376969,-63,near
2015,1578566377069,-61,near
2016,1578566377176,-59,near
2017,1578566377275,-58,near
2018,1578566377384,-57,near
2019,1578566377488,-56,near
2020,1578566377697,-52,near
2021,1578566377794,-52,near
2022,1578566377998,-53,near
2023,1578566378101,-50,near
2024,1578566378206,-52,near
2025,1578566378316,-52,near
2026,1578566378416,-56,near
2027,1578566378525,-58,near
2028,1578566378623,-58,near
2029,1578566378845,-56,near
2030,1578566379061,-55,near
2031,1578566379169,-54,near
2032,1578566379279,-53,near
2033,1578566379381,-53,near
2034,1578566379486,-53,near
2035,1578566379599,-53,near
2036,1578566379697,-54,near
2037,1578566379800,-57,near
2038,1578566379899,-57,near
2039,1578566380015,-59,near
2040,1578566380125,-58,near
2041,1578566380357,-58,near
2042,1578566380444,-58,near
2043,1578566380555,-58,near
2044,1578566380649,-58,near
2045,1578566380757,-57,near
2046,1578566380865,-57,near
2047,1578566380972,-56,near
2048,1578566381074,-56,near
2049,1578566381183,-57,near
2050,1578566381282,-57,near
2051,1578566381391,-57,near
2052,1578566381496,-56,near
2053,1578566381600,-56,near
2054,1578566381700,-56,near
2055,1578566381805,-56,near
2056,1578566381909,-56,near
2057,1578566382014,-56,near
2058,1578566382123,-56,near
2059,1578566382234,-56,near
2060,1578566382338,-56,near
2061,1578566382440,-56,near
2062,1578566382547,-56,near
2063,1578566382644,-56,near
2064,1578566382879,-56,near
2065,1578566382966,-57,near
2066,1578566383069,-57,near
2067,1578566383173,-57,near
2068,1578566383280,-58,near
2069,1578566383387,-58,near
2070,1578566383493,-58,near
2071,1578566383605,-58,near
2072,1578566383708,-58,near
2073,1578566383809,-57,near
2074,1578566383910,-57,near
2075,1578566384007,-58,near
2076,1578566384112,-58,near
2077,1578566384209,-58,near
2078,1578566384452,-58,near
2079,1578566384642,-58,near
2080,1578566384736,-58,near
2081,1578566384841,-58,near
2082,1578566384950,-58,near
2083,1578566385060,-58,near
2084,1578566385159,-57,near
2085,1578566385277,-57,near
2086,1578566385378,-57,near
2087,1578566385484,-57,near
2088,1578566385579,-57,near
2089,1578566385685,-57,near
2090,1578566385797,-57,near
2091,1578566385898,-56,near
2092,1578566386012,-56,near
2093,1578566386114,-56,near
2094,1578566386210,-56,near
2095,1578566386320,-58,near
2096,1578566386424,-59,near
2097,1578566386530,-59,near
2098,1578566386769,-60,near
2099,1578566386861,-56,near
2100,1578566386960,-56,near
2101,1578566387070,-57,near
2102,1578566387169,-57,near
2103,1578566387274,-57,near
2104,1578566387381,-57,near
2105,1578566387486,-57,near
2106,1578566387592,-57,near
2107,1578566387702,-57,near
2108,1578566387806,-57,near
2109,1578566388148,-54,near
2110,1578566388229,-54,near
2111,1578566388330,-55,near
2112,1578566388438,-54,near
2113,1578566388540,-54,near
2114,1578566388643,-55,near
2115,1578566388748,-54,near
2116,1578566388848,-55,near
2117,1578566388955,-54,near
2118,1578566389065,-54,near
2119,1578566389173,-55,near
2120,1578566389281,-56,near
2121,1578566389387,-57,near
2122,1578566389496,-56,near
2123,1578566389601,-56,near
2124,1578566389702,-56,near
2125,1578566389807,-56,near
2126,1578566389915,-55,near
2127,1578566390017,-56,near
2128,1578566390115,-55,near
2129,1578566390223,-53,near
2130,1578566390322,-51,near
2131,1578566390432,-51,near
2132,1578566390539,-54,near
2133,1578566390635,-57,near
2134,1578566390753,-66,near
2135,1578566390842,-56,near
2136,1578566390949,-58,leave
2137,1578566391053,-57,leave
2138,1578566391160,-69,leave
2139,1578566391266,-73,leave
2140,1578566391383,-64,leave
2141,1578566391490,-71,leave
2142,1578566391591,-72,leave
2143,1578566391696,-71,leave
2144,1578566391804,-71,leave
2145,1578566391902,-82,leave
2146,1578566392010,-89,leave
2147,1578566392112,-75,leave
2148,1578566392221,-74,leave
2149,1578566392326,-75,leave
2150,1578566392434,-78,leave
2151,1578566392534,-80,leave
2152,1578566392639,-73,leave
2153,1578566392751,-82,leave
2154,1578566392858,-74,leave
2155,1578566392965,-71,leave
2156,1578566393068,-74,leave
2157,1578566393171,-80,leave
2158,1578566393268,-76,leave
2159,1578566393381,-75,leave
2160,1578566393492,-80,leave
2161,1578566393590,-75,leave
2162,1578566393696,-85,leave
2163,1578566393799,-77,leave
2164,1578566393905,-80,leave
2165,1578566394006,-84,leave
2166,1578566394116,-76,leave
2167,1578566394216,-83,leave
2168,1578566394442,-88,leave
2169,1578566394524,-85,leave
2170,1578566394631,-76,leave
2171,1578566394743,-81,leave
2172,1578566394845,-83,leave
2173,1578566394944,-81,leave
2174,1578566395058,-89,leave
2175,1578566395167,-90,leave
2176,1578566395276,-80,leave
2177,1578566395383,-84,leave
2178,1578566395482,-79,leave
2179,1578566395713,-86,leave
2180,1578566395898,-84,leave
2181,1578566396006,-87,leave
2182,1578566396114,-81,leave
2183,1578566396220,-87,leave
2184,1578566396329,-89,leave
2185,1578566396437,-82,leave
2186,1578566396542,-83,leave
2187,1578566396653,-84,leave
2188,1578566396757,-100,leave
2189,1578566396857,-84,leave
2190,1578566396962,-101,leave
2191,1578566397188,-85,leave
2192,1578566397279,-82,leave
2193,1578566397380,-84,leave
2194,1578566397483,-90,leave
2195,1578566397588,-88,leave
2196,1578566397684,-92,leave
2197,1578566397795,-94,leave
2198,1578566397896,-81,leave
2199,1578566398000,-87,leave
2200,1578566398100,-92,leave
2201,1578566398202,-89,far
2202,1578566398304,-83,far
2203,1578566398408,-81,far
2204,1578566398519,-80,far
2205,1578566398632,-84,far
2206,1578566398731,-83,far
2207,1578566398835,-88,far
2208,1578566398935,-96,far
2209,1578566399042,-96,far
2210,1578566399148,-98,far
2211,1578566399252,-96,far
2212,1578566399366,-96,far
2213,1578566399473,-92,far
2214,1578566399586,-90,far
2215,1578566399817,-92,far
2216,1578566399895,-93,far
2217,1578566399996,-94,far
2218,1578566400086,-96,far
2219,1578566400327,-84,far
2220,1578566400409,-83,far
2221,1578566400517,-83,far
2222,1578566400622,-83,far
2223,1578566400856,-85,far
2224,1578566400941,-85,far
2225,1578566401046,-86,far
2226,1578566401149,-87,far
2227,1578566401260,-88,far
2228,1578566401367,-87,far
2229,1578566401468,-86,far
2230,1578566401576,-88,far
2231,1578566401677,-87,far
2232,1578566401783,-87,far
2233,1578566401887,-85,far
2234,1578566402119,-84,far
2235,1578566402201,-85,far
2236,1578566402311,-85,far
2237,1578566402409,-85,far
2238,1578566402519,-84,far
2239,1578566402618,-84,far
2240,1578566402727,-85,far
2241,1578566402830,-85,far
2242,1578566402933,-85,far
2243,1578566403033,-84,far
2244,1578566403473,-86,far
2245,1578566403552,-85,far
2246,1578566403656,-84,far
2247,1578566403761,-84,far
2248,1578566403869,-85,far
2249,1578566403969,-84,far
2250,1578566404077,-84,far
2251,1578566404177,-85,far
2252,1578566404287,-84,far
2253,1578566404391,-89,far
2254,1578566404498,-90,far
2255,1578566404602,-89,far
2256,1578566404704,-90,far
2257,1578566404808,-91,far
2258,1578566404902,-88,far
2259,1578566405014,-91,far
2260,1578566405117,-92,far
2261,1578566405223,-93,far
2262,1578566405327,-90,far
2263,1578566405437,-92,far
2264,1578566405536,-94,far
2265,1578566405642,-91,far
2266,1578566405750,-93,far
2267,1578566405855,-92,far
2268,1578566405963,-92,far
2269,1578566406070,-91,far
2270,1578566406180,-92,far
2271,1578566406283,-90,far
2272,1578566406392,-92,far
2273,1578566406501,-92,far
2274,1578566406610,-91,far
2275,1578566406710,-90,far
2276,1578566406814,-91,far
2277,1578566406919,-90,far
2278,1578566407023,-91,far
2279,1578566407260,-93,far
2280,1578566407344,-90,far
2281,1578566407454,-93,far
2282,1578566407561,-93,far
2283,1578566407654,-91,far
2284,1578566407766,-93,far
2285,1578566407874,-93,far
2286,1578566407977,-92,far
2287,1578566408083,-94,far
2288,1578566408184,-92,far
2289,1578566408293,-91,far
2290,1578566408523,-88,far
2291,1578566408601,-89,far
2292,1578566408704,-88,far
2293,1578566408810,-88,far
2294,1578566408915,-89,far
2295,1578566409024,-87,far
2296,1578566409133,-87,far
2297,1578566409240,-87,far
2298,1578566409343,-89,far
2299,1578566409448,-91,far
2300,1578566409550,-98,far
2301,1578566409655,-88,far
2302,1578566409756,-83,far
2303,1578566409865,-81,far
2304,1578566409975,-83,far
2305,1578566410067,-83,far
2306,1578566410168,-84,approach
2307,1578566410274,-82,approach
2308,1578566410382,-84,approach
2309,1578566410490,-84,approach
2310,1578566410608,-78,approach
2311,1578566410708,-89,approach
2312,1578566410806,-78,approach
2313,1578566410905,-76,approach
2314,1578566411014,-80,approach
2315,1578566411115,-84,approach
2316,1578566411351,-80,approach
2317,1578566411425,-76,approach
2318,1578566411540,-92,approach
2319,1578566411642,-78,approach
2320,1578566411747,-89,approach
2321,1578566411855,-80,approach
2322,1578566411959,-83,approach
2323,1578566412066,-80,approach
2324,1578566412179,-82,approach
2325,1578566412279,-80,approach
2326,1578566412385,-77,approach
2327,1578566412484,-86,approach
2328,1578566412594,-80,approach
2329,1578566412692,-82,approach
2330,1578566412804,-80,approach
2331,1578566412908,-74,approach
2332,1578566413015,-76,approach
2333,1578566413115,-75,approach
2334,1578566413354,-90,approach
2335,1578566413439,-78,approach
2336,1578566413545,-76,approach
2337,1578566413658,-80,approach
2338,1578566413765,-80,approach
2339,1578566413863,-85,approach
2340,1578566413972,-92,approach
2341,1578566414073,-75,approach
2342,1578566414173,-74,approach
2343,1578566414281,-71,approach
2344,1578566414387,-74,approach
2345,1578566414492,-76,approach
2346,1578566414606,-92,approach
2347,1578566414703,-74,approach
2348,1578566414937,-73,approach
2349,1578566415025,-80,approach
2350,1578566415131,-74,approach
2351,1578566415231,-63,approach
2352,1578566415341,-74,approach
2353,1578566415443,-77,approach
2354,1578566415541,-73,approach
2355,1578566415640,-68,approach
2356,1578566415749,-72,approach
2357,1578566415858,-74,approach
2358,1578566415966,-62,approach
2359,1578566416206,-62,approach
2360,1578566416287,-73,approach
2361,1578566416396,-67,approach
2362,1578566416502,-61,approach
2363,1578566416603,-64,approach
2364,1578566416708,-65,approach
2365,1578566416813,-62,approach
2366,1578566416923,-58,approach
2367,1578566417022,-66,approach
2368,1578566417121,-60,approach
2369,1578566417225,-56,approach
2370,1578566417334,-61,approach
2371,1578566417441,-59,approach
2372,1578566417546,-63,approach
2373,1578566417655,-58,approach
2374,1578566417850,-54,approach
2375,1578566417955,-55,near
2376,1578566418060,-53,near
2377,1578566418163,-53,near
2378,1578566418273,-52,near
2379,1578566418380,-52,near
2380,1578566418483,-52,near
2381,1578566418590,-52,near
2382,1578566418697,-52,near
2383,1578566418797,-53,near
2384,1578566418905,-54,near
2385,1578566419006,-54,near
2386,1578566419114,-54,near
2387,1578566419226,-54,near
2388,1578566419332,-54,near
2389,1578566419436,-54,near
2390,1578566419544,-53,near
2391,1578566419649,-53,near
2392,1578566419756,-53,near
2393,1578566419866,-53,near
2394,1578566419970,-53,near
2395,1578566420075,-53,near
2396,1578566420175,-53,near
2397,1578566420288,-53,near
2398,1578566420515,-53,near
2399,1578566420599,-54,near
2400,1578566420697,-54,near
2401,1578566420806,-54,near
2402,1578566420906,-54,near
2403,1578566421017,-54,near
2404,1578566421117,-54,near
2405,1578566421221,-54,near
2406,1578566421448,-54,near
2407,1578566421535,-54,near
2408,1578566421644,-54,near
2409,1578566421742,-54,near
2410,1578566421845,-54,near
2411,1578566422065,-54,near
2412,1578566422166,-54,near
2413,1578566422378,-54,near
2414,1578566422719,-54,near
2415,1578566422798,-54,near
2416,1578566422907,-54,near
2417,1578566423014,-54,near
2418,1578566423123,-54,near
2419,1578566423231,-55,near
2420,1578566423334,-54,near
2421,1578566423444,-55,near
2422,1578566423554,-54,near
2423,1578566423657,-55,near
2424,1578566423859,-55,near
2425,1578566424100,-55,near
2426,1578566424180,-55,near
2427,1578566424281,-54,near
2428,1578566424385,-54,near
2429,1578566424487,-54,near
2430,1578566424585,-55,near
2431,1578566424695,-55,near
2432,1578566424803,-50,near
2433,1578566424907,-51,near
2434,1578566425017,-50,near
2435,1578566425116,-50,near
2436,1578566425216,-51,near
2437,1578566425322,-51,near
2438,1578566425430,-51,near
2439,1578566425527,-51,near
2440,1578566425644,-51,near
2441,1578566425747,-51,near
2442,1578566425845,-51,near
2443,1578566425946,-51,near
2444,1578566426060,-51,near
2445,1578566426161,-51,near
2446,1578566426273,-51,near
2447,1578566426381,-51,near
2448,1578566426491,-51,near
2449,1578566426594,-51,near
2450,1578566426694,-51,near
2451,1578566426799,-51,near
2452,1578566426898,-51,near
2453,1578566426992,-51,near
2454,1578566427094,-51,near
2455,1578566427203,-51,near
2456,1578566427310,-51,near
2457,1578566427418,-51,near
2458,1578566427524,-51,near
2459,1578566427626,-51,near
2460,1578566427724,-51,near
2461,1578566427843,-51,near
2462,1578566427947,-52,near
2463,1578566428049,-52,near
2464,1578566428159,-52,near
2465,1578566428270,-52,near
2466,1578566428371,-51,near
2467,1578566428481,-51,near
2468,1578566428574,-51,near
2469,1578566428682,-51,near
2470,1578566428783,-51,near
2471,1578566428895,-53,near
2472,1578566429003,-52,near
2473,1578566429106,-52,near
2474,1578566429216,-52,near
2475,1578566429316,-52,near
2476,1578566429411,-52,near
2477,1578566429519,-52,near
2478,1578566429627,-52,near
2479,1578566429733,-52,near
2480,1578566429831,-52,near
2481,1578566429931,-52,near
2482,1578566430035,-54,near
2483,1578566430141,-52,near
2484,1578566430246,-53,near
2485,1578566430350,-53,near
2486,1578566430451,-53,near
2487,1578566430557,-53,near
2488,1578566430662,-53,near
2489,1578566430771,-53,near
2490,1578566430873,-54,near
2491,1578566430976,-54,near
2492,1578566431080,-54,near
2493,1578566431178,-54,near
2494,1578566431287,-54,near
2495,1578566431392,-54,near
2496,1578566431499,-54,near
2497,1578566431605,-54,near
2498,1578566431706,-52,near
2499,1578566431807,-53,near
2500,1578566431917,-53,near
2501,1578566432005,-50,near
2502,1578566432114,-51,leave
2503,1578566432215,-57,leave
2504,1578566432323,-57,leave
2505,1578566432425,-60,leave
2506,1578566432537,-58,leave
2507,1578566432652,-67,leave
2508,1578566432758,-67,leave
2509,1578566432862,-62,leave
2510,1578566432971,-65,leave
2511,1578566433082,-68,leave
2512,1578566433185,-74,leave
2513,1578566433293,-78,leave
2514,1578566433401,-91,leave
2515,1578566433510,-77,leave
2516,1578566433610,-80,leave
2517,1578566433714,-77,leave
2518,1578566433823,-76,leave
2519,1578566433928,-80,leave
2520,1578566434030,-85,leave
2521,1578566434137,-77,leave
2522,1578566434244,-75,leave
2523,1578566434354,-74,leave
2524,1578566434460,-80,leave
2525,1578566434559,-79,leave
2526,1578566434667,-85,leave
2527,1578566434899,-84,leave
2528,1578566434983,-88,leave
2529,1578566435084,-80,leave
2530,1578566435191,-83,leave
2531,1578566435297,-85,leave
2532,1578566435403,-83,leave
2533,1578566435501,-89,leave
2534,1578566435609,-84,leave
2535,1578566435711,-81,leave
2536,1578566435817,-80,leave
2537,1578566435928,-82,leave
2538,1578566436035,-89,leave
2539,1578566436143,-80,leave
2540,1578566436243,-83,leave
2541,1578566436349,-81,leave
2542,1578566436451,-84,leave
2543,1578566436682,-86,leave
2544,1578566436767,-82,leave
2545,1578566436877,-96,leave
2546,1578566436981,-89,leave
2547,1578566437084,-80,leave
2548,1578566437190,-78,leave
2549,1578566437295,-83,leave
2550,1578566437404,-85,leave
2551,1578566437510,-83,leave
2552,1578566437733,-87,leave
2553,1578566438040,-88,leave
2554,1578566438124,-84,leave
2555,1578566438230,-80,leave
2556,1578566438463,-82,leave
2557,1578566438542,-83,leave
2558,1578566438780,-83,leave
2559,1578566438862,-90,leave
2560,1578566438963,-85,leave
2561,1578566439076,-82,leave
2562,1578566439178,-86,leave
2563,1578566439288,-86,leave
2564,1578566439387,-84,leave
2565,1578566439494,-88,leave
2566,1578566439600,-87,leave
2567,1578566439703,-85,leave
2568,1578566439928,-81,leave
2569,1578566440011,-82,far
2570,1578566440117,-83,far
2571,1578566440223,-83,far
2572,1578566440458,-84,far
2573,1578566440545,-82,far
2574,1578566440652,-88,far
2575,1578566440753,-89,far
2576,1578566440862,-88,far
2577,1578566440967,-88,far
2578,1578566441072,-89,far
2579,1578566441186,-94,far
2580,1578566441279,-93,far
